Chapter,Filename
1,
1,SP BG 01-01 London 1973-07-07 The Material World Means--etc
1,
1,SP BG 01-02-03 London 1973-07-09 Death Is God
1,
1,SP BG 01-04 London 1973-07-10 Everything Even--etc
1,
1,SP BG 01-07 London 1973-07-11 Vaisnavism Is Not Cowardism
1,
1,SP BG 01-10 London 1973-07-12 The KC Movement Should Touch--etc
1,
1,SP BG 01-11-12 London 1973-07-13 Wanting to Be Cheated
1,
1,SP BG 01-13 London 1973-07-14 People Want to Be Cheated
1,
1,SP BG 01-15 London 1973-07-15 Spiritual--etc
1,
1,SP BG 01-16-19 London 1973-07-16 Everybody Wants to Be Served
1,
1,SP BG 01-20 London 1973-07-17 First Second and Third-Class Rascals
1,
1,SP BG 01-21 London 1973-07-18 Fallible & Infallible Religion
1,
1,SP BG 01-23 London 1973-07-19 How to Enjoy Real Bliss
1,
1,SP BG 01-24 London 1973-07-20 If You Stay with--etc
1,
1,SP BG 01-26 London 1973-07-21 Society Friendship and Love
1,
1,SP BG 01-28 London 1973-07-22 The Art of Preaching
1,
1,SP BG 01-30 London 1973-07-23 Expanded Selfishness
1,
1,SP BG 01-31 London 1973-07-24 Immediate vs. Ultimate Good
1,
1,SP BG 01-32 London 1973-07-25 Shortcut to Spiritual Knowledge
1,
1,SP BG 01-36 London 1973-07-26 Devotee Has All Good Qualities
1,
1,SP BG 01-37-39 London 1973-07-27 The Way to Save Society
1,
1,SP BG 01-40 London 1973-07-28 The Psychology of Chastity
1,
1,SP BG 01-41 London 1973-07-29 Relief from Today's Hell
1,
1,SP BG 01-43 London 1973-07-30 There Is Only One Remedy
1,
1,SP BG 01-44 London 1973-07-31 Only Rascal Says Krishna Is Immoral
1,
1,SP BG 01-45 London 1973-08-01 Krishna's Order Is Final
2,
2,SP BG 02-01-10 Los Angeles 1968-11-25 The Missing Self-Understanding
2,
2,SP BG 02-01 Ahmedabad 1972-12-06 Krishna Gave Bhagavad-gita to--etc
2,
2,SP BG 02-01 Ahmedabad 1972-12-07 Signs of Ignorance of Self
2,
2,SP BG 02-01 Germany 1974-06-16 Who Is Krishna
2,
2,SP BG 02-01 Johannesburg 1975-10-17 When to Approach a Guru
2,
2,SP BG 02-02 Ahmedabad 1972-12-11 Classless Aryanism
2,
2,SP BG 02-02 London 1973-08-03 Becoming Spiritually Masterful
2,
2,SP BG 02-03 London 1973-08-04 Special Senses Are Required
2,
2,SP BG 02-04-05 London 1973-08-05 When to Reject Guru
2,
2,SP BG 02-06 London 1973-08-06 How to Utilize Fighting Spirit
2,
2,SP BG 02-07-11 New York 1966-03-02-The Unavoidable Battle--etc
2,
2,SP BG 02-07 London 1973-08-07 You Must Approach Krishna
2,
2,SP BG 02-08-12 Los Angeles 1968-11-27 Revive Our Relationship with Krishna
2,
2,SP BG 02-08 London 1973-08-08 Surpassing These Senses
2,
2,SP BG 02-09 London 1973-08-15 Satisfying the Senses and the Heart
2,
2,SP BG 02-10 London 1973-08-16 Arjuna Playing the Role of a Rascal
2,
2,SP BG 02-11 Delhi 1976-03-25 Evolution-Darwinian or Divine
2,
2,SP BG 02-11 London 1973-08-17 You're Talking Like a Learned--etc
2,
2,SP BG 02-11 Mauritius 1975-10-01 Lament for a Lump
2,
2,SP BG 02-11 Mexico 1975-02-11 Associate with Faithful
2,
2,SP BG 02-11 New York 1966-03-04 The Fragrance of the Soul--etc
2,
2,SP BG 02-12 Hyderabad 1972-11-17 Meaning of Dhira
2,
2,SP BG 02-12 Hyderabad 1976-12-12 The Minister of Defense Has--etc
2,
2,SP BG 02-12 London 1973-08-18 What Abortionists Don't Know
2,
2,SP BG 02-12 Mexico 1975-02-12 Don't Be Animalistic Scholar
2,
2,SP BG 02-12 New York 1966-03-09 God Is Individual Person
2,
2,SP BG 02-13-17 Los Angeles 1968-11-29 Staying Undisturbed in Distress
2,
2,SP BG 02-13 Germany 1974-06-18 We Must Surrender-God or Dog
2,
2,SP BG 02-13 Germany 1974-06-22 Life after Death
2,
2,SP BG 02-13 Hyderabad 1972-11-18 We Are All Servants
2,
2,SP BG 02-13 Hyderabad 1972-11-19 Not One Became Devotee
2,
2,SP BG 02-13 London 1973-08-19 I Am Not This Cage
2,
2,SP BG 02-13 Los Angeles 1973-04-14 The First Lesson-Not This Body
2,
2,SP BG 02-13 New York 1966-03-11 A Disturbed Mind Is Due to Ignorance
2,
2,SP BG 02-13 Pittsburgh 1972-09-08 Hear from the Authority-Krishna
2,
2,SP BG 02-14 Germany 1974-06-21 Our Real Business
2,
2,SP BG 02-14 Germany 1974-06-23
2,
2,SP BG 02-14 London 1973-08-20 The Skin Disease
2,
2,SP BG 02-14 Mexico City 1975-02-14 Forbearance to Cure the Body
2,
2,SP BG 02-15 Hyderabad 1972-11-21 I Am Not This Dream
2,
2,SP BG 02-15 London 1973-08-21 Don't Cheat Others
2,
2,SP BG 02-15 Mexico City 1975-02-15 Immortality or Itching
2,
2,SP BG 02-16 London 1973-08-22 Nonexistent and Existent
2,
2,SP BG 02-16 Mexico City 1975-02-16 Any Understanding of God
2,
2,SP BG 02-17 Hyderabad 1972-11-22 Material Body Is Dead Body
2,
2,SP BG 02-17 London 1973-08-23 We Are Individuals Eternally
2,
2,SP BG 02-17 Mexico City 1975-02-17 Don't Increase the Disease
2,
2,SP BG 02-18 Hyderabad 1972-11-23 Chant-Cleanse Your Brain
2,
2,SP BG 02-18 London 1973-08-24 The Soul Will Not Be Killed
2,
2,SP BG 02-19-20 London 1973-08-25 Dogs and Cats Don't Need Freud
2,
2,SP BG 02-19-25 Los Angeles 1968-12-14 Learning the Science of the Soul
2,
2,SP BG 02-20 Hyderabad 1972-11-25 Birth and Death Caused by Maya
2,
2,SP BG 02-21-22 London 1973-08-26 Your Body Is Ready Sir--Come!
2,
2,SP BG 02-22 Hyderabad 1972-11-26 Rain Depends on Krishna--Not--etc
2,
2,SP BG 02-23-24 London 1973-08-27 You Are a Sample of Krishna
2,
2,SP BG 02-23 Hyderabad 1972-11-27 The Indestructible Soul
2,
2,SP BG 02-24 Hyderabad 1972-11-28 Sanatana...Another Nature
2,
2,SP BG 02-25 Hyderabad 1972-11-29 Transfer Your Love to Krishna
2,
2,SP BG 02-25 London 1973-08-28 Relieving Our Bodily Burden
2,
2,SP BG 02-26-27 London 1973-08-29 Why Lament Over Chemicals
2,
2,SP BG 02-26-29 Hyderabad 1972-11-30 Vedic and Parampara System
2,
2,SP BG 02-26 Los Angeles 1968-12-06 Evolution and Other Rubbish
2,
2,SP BG 02-28-38 Los Angeles 1968-12-11 Some Look On the Soul As Amazing
2,
2,SP BG 02-28 London 1973-08-30 Materialists--What Do They Know
2,
2,SP BG 02-30 London 1973-08-31 Matter Grows on the Platform of Spirit
2,
2,SP BG 02-31 London 1973-09-01 Duties of the Body and Soul
2,
2,SP BG 02-32 London 1973-09-02 Government Must Be Very Strict
2,
2,SP BG 02-33-35 London 1973-09-03 Dishonor Is Worse than Death
2,
2,SP BG 02-36-38 London 1973-09-04 Compassion On the Battlefield
2,
2,SP BG 02-39 London 1973-09-12 Supreme Deceiver and Lover
2,
2,SP BG 02-40-45 Los Angeles 1968-12-13 Material vs. Spiritual Culture
2,
2,SP BG 02-40 Los Angeles 1968-12-13 Material vs. Spiritual Culture
2,
2,SP BG 02-46-62 Los Angeles 1968-12-16 The Miser and the Mahatma
2,
2,SP BG 02-47 New York 1966-03-28 Soul's Constitutional Position
2,
2,SP BG 02-48 New York 1966-04-01 Keeping in Touch with the Supreme
2,
2,SP BG 02-49 New York 1966-04-05 One Should Spend All Energies--etc
2,
2,SP BG 02-51-54 New York 1966-04-12 Dovetailing Yourself with the Supreme
2,
2,SP BG 02-55 New York 1966-04-15 Coming Off the Mental Platform
2,
2,SP BG 02-55 New York 1966-04-19 Engaging in Devotional Service--etc
2,
2,SP BG 02-58 New York 1966-04-27 The Secret of Detachment
2,
2,SP BG 02-62-72 Los Angeles 1968-12-19 Secret of Controlling the Senses
3,
3,SP BG 03-01-05 Los Angeles 1968-12-20 Philosophy & Religion Combined
3,
3,SP BG 03-06-10 Los Angeles 1968-12-23 From Pretension to Purity
3,
3,SP BG 03-07 Madras 1976-01-01 Educating the Mudhas
3,
3,SP BG 03-08-13 New York 1966-05-20 Yajna Means Work for Vishnu
3,
3,SP BG 03-09-14 Vrindavan 1974-02-06
3,
3,SP BG 03-11-19 Los Angeles 1968-12-27 There Is No Overpopulation
3,
3,SP BG 03-13-16 New York 1966-05-23 Karma-yoga- Becoming God's Yes Man
3,
3,SP BG 03-16 New York 1966-05-25 You Have to Love Through God
3,
3,SP BG 03-17 New York 1966-05-27 Bhagavad-gita-- for the Common Man
3,
3,SP BG 03-18-30 Los Angeles 1968-12-30 How a Self Realized Soul Acts
3,
3,SP BG 03-21-24 New York 1966-05-30 How to Become An Ideal Person
3,
3,SP BG 03-25 Hyderabad 1976-12-17 Plan Making for More Suffering
3,
3,SP BG 03-27 Melbourne 1974-06-27 At Town Hall--Tiger or--etc
3,
3,SP BG 03-29-43 Los Angeles 1969-01-01 Servant of God or Dog
4,
4,SP BG 04-01-02 Columbus 1969-05-09 Big Scholars Can't Get What--etc
4,
4,SP BG 04-01-06 Los Angeles 1969-01-03 The Most Important Knowledge
4,
4,SP BG 04-01 Bombay 1974-03-21 Take Perfect Knowledge
4,
4,SP BG 04-01 Columbus 1969-05-09 Big Scholars Can't Get What--etc
4,
4,SP BG 04-01 Vrindavan 1974-02-07
4,
4,SP BG 04-02 Bombay 1974-03-22 Government's Choice-Krishna--etc
4,
4,SP BG 04-02 Vrindavan 1974-02-08
4,
4,SP BG 04-03-06 New York 1966-07-18 Forgetfulness of the Lord
4,
4,SP BG 04-03 Bombay 1974-03-23 Cheating Religion Thrown Out
4,
4,SP BG 04-03 Vrindavan 1974-02-10
4,
4,SP BG 04-04 Bombay 1974-03-24 Why We Forget and God Doesn't
4,
4,SP BG 04-04 Vrindavan 1974-02-12
4,
4,SP BG 04-05 Bombay 1974-03-25 Learning to Love Unlimited One
4,
4,SP BG 04-05 Vrindavan 1974-02-13
4,
4,SP BG 04-06-08 New York 1966-07-20 Why the Lord and His--etc
4,
4,SP BG 04-06-10 Los Angeles 1969-01-06 The Krishna Consciousness--etc
4,
4,SP BG 04-06 Bombay 1974-03-26 Try to Be Godly - Not God
4,
4,SP BG 04-07 Bombay 1974-03-27 Dharma and the Disease
4,
4,SP BG 04-07 Montreal 1968-08-13 The Divine Descent of Our Duty
4,
4,SP BG 04-08 Bombay 1974-03-28 Everyone is Trying to Become the Master
4,
4,SP BG 04-09 Bombay 1974-03-29 Cheater Leaders
4,
4,SP BG 04-09 New York 1966-07-25 Take Assistance From A Person--etc
4,
4,SP BG 04-10 Bombay 1974-03-30 Reducing our Animality--etc
4,
4,SP BG 04-10 Calcutta 1974-09-23 The World Is a Foreign Country
4,
4,SP BG 04-10 Geneva 1974-05-31
4,
4,SP BG 04-10 Public Lecture Rome 1974-05-25
4,
4,SP BG 04-10 Vrindavan 1974-08-02 No Question of Happiness Here
4,
4,SP BG 04-11-18 Los Angeles 1969-01-08 Krishna Belongs to Everyone
4,
4,SP BG 04-11 Bombay 1974-03-31 Krishna Will Accept you Any--etc
4,
4,SP BG 04-11 Geneva 1974-06-01 We Are Naturally Jubilant
4,
4,SP BG 04-11 New York 1966-07-28 Know Krishna--Get Liberation
4,
4,SP BG 04-11 Vrindavan 1974-08-03 This Skin=Suffering This--etc
4,
4,SP BG 04-12-13 New York 1966-07-30 Become Brahmana--Twice-born
4,
4,SP BG 04-12 Bombay 1974-04-01 Hear Talk Chant Eat Work--etc
4,
4,SP BG 04-12 Vrindavan 1974-08-04 Big Ambition-Little Brain
4,
4,SP BG 04-13-14 New York 1966-08-01 Divisions of Human Society
4,
4,SP BG 04-13 Bombay 1974-04-02 Kill Krishna Gita Commentaries
4,
4,SP BG 04-13 Johannesburg 1975-10-19 Sunday Feast--Cat and Dog Society
4,
4,SP BG 04-13 New York 1973-04-08 Sunday Feast--The Social Body--etc
4,
4,SP BG 04-13 Vrindavan 1974-08-05
4,
4,SP BG 04-14-19 New York 1966-08-03 Karma-Akarma
4,
4,SP BG 04-14 Bombay 1974-04-03 Liberated By Understanding--etc
4,
4,SP BG 04-14 Vrindavan 1974-08-06 Who Can Understand Krishna
4,
4,SP BG 04-15 Bombay 1974-04-04
4,
4,SP BG 04-15 Bombay 1974-04-05 Modern Civilization Vs. Model--etc
4,
4,SP BG 04-16 Bombay 1974-04-05 Today's Education
4,
4,SP BG 04-17 Bombay 1974-04-06 How to Act-How Not to Act
4,
4,SP BG 04-18 Bombay 1974-04-07 The Highest Success in Life
4,
4,SP BG 04-18 Delhi 1973-11-03 Everyone Without Krishna--etc
4,
4,SP BG 04-19-22 New York 1966-08-08 How to Satisfy Krishna
4,
4,SP BG 04-19-25 Los Angeles 1969-01-10 Curing the Material Disease
4,
4,SP BG 04-19 Bombay 1974-04-08 Material Life-Lusty Desires
4,
4,SP BG 04-19 New York 1966-08-08 How to Satisfy Krishna
4,
4,SP BG 04-20-24 New York 1966-08-09 Varieties of Sacrifice
4,
4,SP BG 04-20 Bombay 1974-04-09 Mundane and Divine Dividends
4,
4,SP BG 04-21 Bombay 1974-04-10 A Life of Purity
4,
4,SP BG 04-22 Bombay 1974-04-11 Envious Gross-bodily Religions
4,
4,SP BG 04-23 Bombay 1974-04-12 Liberation Guaranteed
4,
4,SP BG 04-24-34 New York 1966-08-12 Varnasrama Dharma
4,
4,SP BG 04-24 Bombay 1974-04-13 You Can't Separate Anything
4,
4,SP BG 04-24 New Mayapur 1976-08-04 Krishna is there-- But You--etc
4,
4,SP BG 04-25 Bombay 1974-04-14
4,
4,SP BG 04-26 Bombay 1974-04-15 Attracted by Spiritual Affairs
4,
4,SP BG 04-27 Bombay 1974-04-16 Learning to Satisfy the Right Senses
4,
4,SP BG 04-28 Bombay 1974-04-17 The Magic of Krsna Consciousness
4,
4,SP BG 04-34 New York 1966-08-17 Only Think of Krishna
5,
5,SP BG 05-07-14 New York 1966-08-27 Krsna and We-Very Intimately Connected
5,
5,SP BG 05-22 New York 1966-08-31 Actual Sense Pleasure
6,
6,SP BG 06-01-04 New York 1966-09-02 You Serve Krishna or Maya
6,
6,SP BG 06-01 Los Angeles 1969-02-13 Yoga System--Everything Is Spiritual
6,
6,SP BG 06-02-05 Los Angeles 1969-02-14 Yoga System--The Yoga Ladder
6,
6,SP BG 06-04-09 New York 1966-09-04 Engaging the Mind in Krsna Consciousness
6,
6,SP BG 06-04-09 New York 1966-09-07 How One Should Perform Yoga
6,
6,SP BG 06-06 Los Angeles 1969-02-15 Yoga System--Conquering the Mind
6,
6,SP BG 06-11-19 New York 1966-09-07 Yoga System--Chant the Holy--etc
6,
6,SP BG 06-13-15 Los Angeles 1969-02-16 Yoga System--We Want Something--etc
6,
6,SP BG 06-16-24 Los Angeles 1969-02-17 Yoga System--Keep This Useless Body Fit
6,
6,SP BG 06-20-25 New Vrindavan 1976-06-23 Yoga System--Precaution Is--etc
6,
6,SP BG 06-21-25 New York 1966-09-09 Yoga System--Searching After--etc
6,
6,SP BG 06-25-29 Los Angeles 1969-02-18 Yoga System--Be Self-Centered
6,
6,SP BG 06-30-34 Los Angeles 1969-02-19 Yoga System--UNIVERSAL LOVE----etc
6,
6,SP BG 06-32 New York 1966-09-14 Yoga System--Vairagya It's--etc
6,
6,SP BG 06-40-43 New York 1966-09-18 Yoga System--There Is No Loss--etc
6,
6,SP BG 06-47 Ahmedabad 1972-12-12 Blockhead to Bhakta
7,
7,SP BG 07-01-03 Stockholm 1973-09-10 Nothing More to Be Known
7,
7,SP BG 07-01-05 Hong Kong 1974-01-31
7,
7,SP BG 07-01 Ahmedabad 1972-12-13 Kanistha Madhyama Uttama
7,
7,SP BG 07-01 Ahmedabad 1972-12-14 Theory of Uncertainty
7,
7,SP BG 07-01 Bombay 1973-01-13 At Pandal--Rise to Platform--etc
7,
7,SP BG 07-01 Bombay 1975-12-20 The Real Thing
7,
7,SP BG 07-01 Calcutta 1973-01-27 The Only Way to Understand God
7,
7,SP BG 07-01 Durban 1975-10-09 Relatively Dirty or Absolutely Clean
7,
7,SP BG 07-01 Fiji 1975-05-24 The Only Business of the Human Being
7,
7,SP BG 07-01 Gainesville 1971-07-29 This Movement Appeals--etc
7,
7,SP BG 07-01 Hong Kong 1975-01-25 Transfer Your Attachment
7,
7,SP BG 07-01 Hyderabad 1974-04-27 Krishna in His Vibration Form
7,
7,SP BG 07-01 Hyderabad 1976-08-22 Increase Your Attachment to the Lord
7,
7,SP BG 07-01 London 1971-08-04 Beauty of Brahminical Culture
7,
7,SP BG 07-01 London 1975-03-09 Attachment to the Supreme
7,
7,SP BG 07-01 Los Angeles 1968-12-02 Pros and Cons of the Material World
7,
7,SP BG 07-01 Los Angeles 1969-02 Bhagavad-gita As It Is--Not--etc
7,
7,SP BG 07-01 Melbourne 1974-06-29 Surrounded by Krishna Atmosphere
7,
7,SP BG 07-01 Nairobi 1975-10-27 Always Think of Krishna
7,
7,SP BG 07-01 Paris 1974-06-13 Serious Ones Will Come to--etc
7,
7,SP BG 07-01 San Diego 1972-07-01 Life's Aim Is Self-Realization
7,
7,SP BG 07-01 San Francisco 1968-09-10 Yoga-- Our Confidential--etc
7,
7,SP BG 07-01 Stockholm 1973-09-08 At University What Supreme--etc
7,
7,SP BG 07-01 Sydney 1973-02-16 Connect With the Supreme Lord
7,
7,SP BG 07-02 Hyderabad 1974-04-28 Seeing Krishna Within the Heart
7,
7,SP BG 07-02 London 1975-03-10 Madras After the Disease
7,
7,SP BG 07-02 Nairobi 1975-10-28 Madmen Can't Give You Knowledge
7,
7,SP BG 07-02 San Francisco 1968-09-11 Ultimate Understanding--etc
7,
7,SP BG 07-03 Bombay 1974-02-18 One in Many Million
7,
7,SP BG 07-03 London 1975-03-11 Your Next Life Sir-Bow Wow
7,
7,SP BG 07-03 Nairobi 1975-10-29 Everyone Here Is a Fool Number One
7,
7,SP BG 07-03 Vrindavan 1974-08-09 Abominable Ananda
7,
7,SP BG 07-04 Bombay 1974-02-19 Chemicals Come from Life
7,
7,SP BG 07-04 Nairobi 1975-10-31 Darwin-Monkeys' Knowledge
7,
7,SP BG 07-04 Vrindavan 1974-08-10 Society Friendship and Love
7,
7,SP BG 07-05 Bombay 1974-02-20
7,
7,SP BG 07-05 Hyderabad 1972-11-23 Serving the Material World---etc
7,
7,SP BG 07-05 Nairobi 1975-11-01 High Energy-Low Energy
7,
7,SP BG 07-05 Vrindavan 1974-08-11 God Is God-Dog Is Dog
7,
7,SP BG 07-06 Hyderabad 1976-12-11 How Have We Become Bad
7,
7,SP BG 07-06 Vrindavan 1974-08-12 Krishna-Our Personal Powerhouse
7,
7,SP BG 07-07 Bombay 1974-02-22 Superior to All Hodgepodge
7,
7,SP BG 07-07 Vrindavan 1974-08-13 Everything Is Resting On Krishna
7,
7,SP BG 07-08-14 New York 1966-10-02 Remembering Krishna 24 Hours a Day
7,
7,SP BG 07-08 Bombay 1974-02-23 Try to Experience Krishna
7,
7,SP BG 07-09 Bombay 1974-02-24 No Brain Behind Nature
7,
7,SP BG 07-09 Vrindavan 1974-08-15 Transcendental 'Nature Study'
7,
7,SP BG 07-10 Vrindavan 1974-08-16
7,
7,SP BG 07-11-12 Bombay 1974-02-25 Unplanned Unwanted Children
7,
7,SP BG 07-11 Bombay 1974-02-25 Unplanned Unwanted Children
7,
7,SP BG 07-14 Hamburg 1969-09-08 Let Us Die Like--etc
7,
7,SP BG 07-15-18 New York 1966-10-09 Four Classes of Men Come to God
7,
7,SP BG 07-27-30 New York 1966-10-23 Discovering Your REAL Interest
8,
8,SP BG 08-01 Geneva 1974-06-07 Women Should Give Birth Soon
8,
8,SP BG 08-12-14 New York 1966-11-15 Make Sure to Pass that Final--etc
8,
8,SP BG 08-14-15 New York 1966-11-16 Remember Krishna Without Deviation
8,
8,SP BG 08-15-20 New York 1966-11-17 Nature of the Material World--etc
8,
8,SP BG 08-20-22 New York 1966-11-18 There Is Another--etc
8,
8,SP BG 08-21-22 New York 1966-11-19 The Supreme Abode--Attainable--etc
8,
8,SP BG 08-22-27 New York 1966-11-20 Only by Bhakti Can One Enter--etc
8,
8,SP BG 08-28 09-01 New York 1966-11-21 This Knowledge Is the King of--etc
9,
9,SP BG 09-01-02 Melbourne 1974-06-30
9,
9,SP BG 09-01 Melbourne 1974-06-29 Chant Dance Eat Prasadam... Go Home
9,
9,SP BG 09-01 Melbourne 1976-04-19 Craft vs. Knowledge
9,
9,SP BG 09-01 Vrindavan 1975-04-17 How to Become Non-Envious
9,
9,SP BG 09-02-05 New York 1966-11-23 Everything Is Resting On Krishna-Shine
9,
9,SP BG 09-02 Melbourne 1976-04-20 The King of Knowledge
9,
9,SP BG 09-02 New York 1966-11-22 It Is Everlasting and It Is--etc
9,
9,SP BG 09-03 Melbourne 1976-04-21 Serve God or Serve Dog
9,
9,SP BG 09-04-07 New York 1966-11-24 Krishna Is Everywhere and--etc
9,
9,SP BG 09-04 Melbourne 1976-04-22 Civilized Evolution
9,
9,SP BG 09-04 Melbourne 1976-04-23 God Is There and Everywhere
9,
9,SP BG 09-05 Melbourne 1976-04-24 Material World-Spiritual World
9,
9,SP BG 09-10 Calcutta 1973-06-29 Dead Heads and Supreme Life
9,
9,SP BG 09-10 Melbourne 1976-04-26 Destination-Lord of Destiny
9,
9,SP BG 09-11-14 New York 1966-11-27 Find Real Pleasure Serving Krishna
9,
9,SP BG 09-11 Calcutta 1973-06-30 If You Want to Remain Mudha...
9,
9,SP BG 09-15-18 New York 1966-12-02 Everything Comes from God Including Maya
9,
9,SP BG 09-15 New York 1966-12-01 Sravanam Kirtanam Vishnu
9,
9,SP BG 09-18-19 New York 1966-12-04 One Should Directly Approach Krishna
9,
9,SP BG 09-20-21 New York 1966-12-06 Heavenly Planets--Temporary Happiness
9,
9,SP BG 09-22-23 New York 1966-12-08 God Is Open for Everyone
9,
9,SP BG 09-23 New York 1966-12-10 I Am the Only Enjoyer and the--etc
9,
9,SP BG 09-24-26 New York 1966-12-12 Those Who Do Not Recognize My--etc
9,
9,SP BG 09-26-27 New York 1966-12-16 Do Everything As An Offering to Krsna
9,
9,SP BG 09-27-29 New York 1966-12-19 Karma Love and Devotion
9,
9,SP BG 09-29-32 New York 1966-12-20 Krishna's Devotion to His Devotee
9,
9,SP BG 09-34 New York 1966-12-26 Being Completely Absorbed in--etc
9,
9,SP BG 09-34 Paris 1976-08-03 Real Love of Self
10,
10,SP BG 10-01 Calcutta 1973-03-06 More or Less Demons--Still--etc
10,
10,SP BG 10-02-03 New York 1967-01-01 The Process for Understanding God
10,
10,SP BG 10-04-05 New York 1967-01-04 Knowledge--Understanding--etc
12,
12,SP BG 12-13 Bombay 1974-05-12 The STRUGGLE--Atheists vs. Theist
13,
13,SP BG 13-01-02 Bombay 1972-12-29 Bodily Field and the Tiller
13,
13,SP BG 13-01-02 Bombay 1973-09-25 Knowing Self Bodily 'Land'--etc
13,
13,SP BG 13-01-02 Paris 1973-08-10 Real Answers to Life's Real Questions
13,
13,SP BG 13-01-02 Stockholm 1973-09-07 At University Nature the--etc
13,
13,SP BG 13-01 Bombay 1973-09-24 Material Happiness Is Not All
13,
13,SP BG 13-01 Bombay 1973-09-25 Knowing Self Bodily 'Land'--etc
13,
13,SP BG 13-01 Durban 1975-10-13 The Rented House
13,
13,SP BG 13-01 Miami 1975-02-25 Technical Education--etc
13,
13,SP BG 13-03 Bombay 1972-12-30 Occupant and Owner of Body
13,
13,SP BG 13-03 Bombay 1973-09-26 Forgotten That We Are Spirit
13,
13,SP BG 13-03 Hyderabad 1974-04-19 Take Knowledge from Krishna
13,
13,SP BG 13-03 London 1976-07-25 Controllers--Junior and Senior
13,
13,SP BG 13-03 Miami 1975-02-26 We Need to Satisfy Our Lord
13,
13,SP BG 13-03 Paris 1973-08-11 Krishna's Definition of Knowledge
13,
13,SP BG 13-04 Bombay 1973-09-27 The Witness and the Wanderer
13,
13,SP BG 13-04 Hyderabad 1974-04-20 The Knowledge from Narayana
13,
13,SP BG 13-04 Miami 1975-02-27 Different Varieties
13,
13,SP BG 13-04 Paris 1973-08-12 Varieties of Insanities
13,
13,SP BG 13-05 Bombay 1973-09-28 The Process of Progress
13,
13,SP BG 13-05 Paris 1973-08-13 Even the Lion Has to Struggle
13,
13,SP BG 13-06-07 Bombay 1973-09-29 Surrender to the Supreme Person
13,
13,SP BG 13-06 Bombay 1973-09-29 Nothing Is Material
13,
13,SP BG 13-08-12 Bombay 1973-10-02 How to Go Beyond Your Destiny
13,
13,SP BG 13-08 Bombay 1973-10-05 You Have to Approach an Acarya
13,
13,SP BG 13-13 Bombay 1973-10-06 Clutches of Birth and Death
13,
13,SP BG 13-14 Bombay 1973-10-07 Nondevotees Miss the Object
13,
13,SP BG 13-15 Bombay 1973-10-09 God Has No Material Body
13,
13,SP BG 13-16 Bombay 1973-10-10 The Supreme Truth Is a Person
13,
13,SP BG 13-17 Bombay 1973-10-11 Krishna Is Everywhere in Full
13,
13,SP BG 13-18 Bombay 1973-10-12 Universal Effulgence of Krishna
13,
13,SP BG 13-19 Bombay 1973-10-13 Object of Knowledge
13,
13,SP BG 13-20 Bombay 1973-10-14 The Enjoying Spirit
13,
13,SP BG 13-21 Bombay 1973-10-15 An Abominable Body
13,
13,SP BG 13-22 Bombay 1973-10-20 Through the Modes of Nature
13,
13,SP BG 13-22 Hyderabad 1976-08-17 At Any Moment--Kicked Out
13,
13,SP BG 13-22 Melbourne 1974-06-25 Material Enjoyment-More Bodies
13,
13,SP BG 13-23 Bombay 1973-10-22 How to Understand the Overseer
13,
13,SP BG 13-24 Bombay 1973-10-23 Solving the Problems of Life
13,
13,SP BG 13-26 Bombay 1973-10-25 Birth and Death- Transcending--etc
13,
13,SP BG 13-26 Delhi 1974-09-22
13,
13,SP BG 13-35 Geneva 1974-06-06 Food and Freedom
15,
15,SP BG 15-01 Bombay 1973-10-28 See Spiritual Identity Everywhere
15,
15,SP BG 15-01 Calcutta 1974-02-26 The Purpose of Vedic Study
16,
16,SP BG 16-01-07 New Vrindavan 1976-06-26 Dealing with Cats and Dogs
16,
16,SP BG 16-01 Hawaii 1975-01-29 The Cure for Fear
16,
16,SP BG 16-04 Hawaii 1975-01-30 Become Devotee or Remain Demon
16,
16,SP BG 16-05 Calcutta 1972-02-23 Some Way or Other Become--etc
16,
16,SP BG 16-05 Hawaii 1975-01-31 Becoming a Dog
16,
16,SP BG 16-06 Durban 1975-10-18 Demons' Symptoms
16,
16,SP BG 16-06 Hawaii 1975-02-02 Education in Becoming Divine
16,
16,SP BG 16-06 Hyderabad 1976-12-13 Vedic Secular State
16,
16,SP BG 16-07-09 Bombay 1975-01-23 Cornerstone for Godly Civilization
16,
16,SP BG 16-07 Bombay 1975-12-22 Demons and Devotees
16,
16,SP BG 16-07 Hawaii 1975-02-03 The Demonic Want Degradation
16,
16,SP BG 16-07 Hyderabad 1976-12-14 The Path of No
16,
16,SP BG 16-07 Hyderabad 1976-12-15 The Asuric Public
16,
16,SP BG 16-07 Sanand 1975-12-26 From Papa-yoni to Devata
16,
16,SP BG 16-07 Tokyo 1975-01-27 Turning Asuras Into Suras
16,
16,SP BG 16-08 Hawaii 1975-02-04 Who Is Demon and Who Is Divine
16,
16,SP BG 16-08 Hyderabad 1976-12-16 Deliver Your Neighborhood
16,
16,SP BG 16-08 Tokyo 1975-01-28 The Unseen Controller
16,
16,SP BG 16-09 Hawaii 1975-02-05 The Demonic-No Sense of God
16,
16,SP BG 16-10 Hawaii 1975-02-06 The Demonic Attitude
16,
16,SP BG 16-11 Hawaii 1975-02-07 Anxiety Unlimited
16,
16,SP BG 16-13-17 New Vrindavan 1976-06-28 Dishonesty Starts from Government
16,
16,SP BG 16-13 Hawaii 1975-02-08 Devotional and Demonic Desires
17,
17,SP BG 17-01-03 Melbourne 1974-07-04 Faith-Blind and Sighted
18,
18,SP BG 18-67 Ahmedabad 1972-12-09 What Will Max Muller--etc
18,
18,SP BG 18-67 Ahmedabad 1972-12-10 Human Form of Life Is for
